{
    "resources": [
        {
            "version": "c897ffa209c4d16792c1534968d9fda6a8d84ac4",
            "sdkAppId": "0",
            "schoolId": "0",
            "url": "https://class.qcloudtiw.com/1.0.0/cache/offline_c897ffa209c4d16792c1534968d9fda6a8d84ac4.zip",
            "files": {
            },
            "regexes": {
                "https:\\/\\/class\\.qcloudtiw\\.com\\/1.0.0\\/cache/(.+)": "/unmatch/$1",
                "https:\\/\\/class\\.qcloudtiw\\.com\\/1.0.0\\/(.+)": "$1"
            },
            "media": {
                "fragSize": 524288,
                "supportFomats": "mp4|rmvb|avi|mov|flv|wmv|m3u8|mpeg|mp3|wav|pcm|aac|ogg"
            },
            "expired": 200,
            "domains": {
                "www.xxx.com": [
                    "www.aaa.com"
                ]
            }
        }
    ],
    "interval": 1800
}
